Metric,Value
Average Demand,34461.92360742706
Demand Std,7305.360876186478
Safety Stock,31891.47739135106
Reorder Point,273124.9426433405
EOQ,15861.022739225158
